-- Seed: grupy aktywności
insert into activity_groups (slug, name_pl, name_en, description, sort_order) values
  ('water_sports', 'Sporty wodne', 'Water sports', 'Kajaki, snorkeling, surfing i inne', 10),
  ('motorsports', 'Sporty motorowe', 'Motor sports', 'Quady, buggies, off-road', 20),
  ('cycling', 'Rowery i MTB', 'Cycling', 'Wypożyczalnie rowerów, trasy MTB', 30),
  ('hiking', 'Trekking', 'Hiking', 'Szlaki piesze, wspinaczka', 40),
  ('nature', 'Natura', 'Nature', 'Jaskinie, wodospady, parki narodowe', 50),
  ('culture', 'Kultura i historia', 'Culture & history', 'Zamki, muzea, miasteczka', 60),
  ('kids', 'Dla dzieci', 'For kids', 'Parki rozrywki, zoo, akwaria', 70),
  ('wellness', 'Wellness i relaks', 'Wellness', 'Termy, spa, joga', 80),
  ('beaches', 'Plaże', 'Beaches', 'Plaże piaszczyste, kamieniste, dzikie', 90);

-- Seed: aktywności
insert into activities (slug, group_slug, name_pl, name_en, intensity, weather_dependency, min_recommended_age, sort_order) values
  ('kayaking', 'water_sports', 'Kajaki', 'Kayaking', 'medium', 'high', 6, 10),
  ('paddleboard', 'water_sports', 'Paddleboard (SUP)', 'Paddleboard', 'low', 'high', 8, 20),
  ('snorkeling', 'water_sports', 'Snorkeling', 'Snorkeling', 'low', 'high', 6, 30),
  ('diving', 'water_sports', 'Nurkowanie', 'Scuba diving', 'medium', 'high', 10, 40),
  ('surfing', 'water_sports', 'Surfing', 'Surfing', 'high', 'high', 8, 50),
  ('jet_ski', 'water_sports', 'Skutery wodne', 'Jet ski', 'medium', 'high', 12, 60),
  ('boat_tour', 'water_sports', 'Rejs łodzią', 'Boat tour', 'low', 'high', 4, 70),
  ('quads', 'motorsports', 'Quady', 'Quad biking / ATV', 'high', 'low', 8, 10),
  ('buggies', 'motorsports', 'Buggies', 'Buggy / dune buggy', 'high', 'low', 10, 20),
  ('paragliding', 'motorsports', 'Paralotnia', 'Paragliding', 'high', 'high', 14, 30),
  ('bike_rental', 'cycling', 'Wypożyczalnia rowerów', 'Bike rental', 'low', 'low', 6, 10),
  ('mountain_biking', 'cycling', 'MTB', 'Mountain biking', 'high', 'low', 10, 20),
  ('ebike_rental', 'cycling', 'Wypożyczalnia e-bike', 'E-bike rental', 'low', 'low', 8, 30),
  ('hiking_trails', 'hiking', 'Szlaki piesze', 'Hiking trails', 'medium', 'low', 6, 10),
  ('climbing', 'hiking', 'Wspinaczka', 'Rock climbing', 'high', 'low', 10, 20),
  ('caves', 'nature', 'Jaskinie', 'Caves', 'low', 'none', 5, 10),
  ('waterfalls', 'nature', 'Wodospady', 'Waterfalls', 'low', 'low', 4, 20),
  ('canyons', 'nature', 'Kaniony', 'Canyons', 'medium', 'low', 6, 30),
  ('viewpoints', 'nature', 'Punkty widokowe', 'Viewpoints', 'low', 'low', 0, 40),
  ('national_parks', 'nature', 'Parki narodowe', 'National parks', 'low', 'low', 0, 50),
  ('castles', 'culture', 'Zamki', 'Castles', 'low', 'none', 5, 10),
  ('museums', 'culture', 'Muzea', 'Museums', 'low', 'none', 6, 20),
  ('old_towns', 'culture', 'Stare miasta', 'Old towns', 'low', 'low', 0, 30),
  ('archaeology', 'culture', 'Archeologia', 'Archaeological sites', 'low', 'low', 8, 40),
  ('theme_parks', 'kids', 'Parki rozrywki', 'Theme parks', 'medium', 'low', 4, 10),
  ('zoo', 'kids', 'Zoo', 'Zoo', 'low', 'low', 2, 20),
  ('aquarium', 'kids', 'Akwaria', 'Aquarium', 'low', 'none', 2, 30),
  ('water_parks', 'kids', 'Aquaparki', 'Water parks', 'medium', 'low', 4, 40),
  ('sandy_beaches', 'beaches', 'Plaże piaszczyste', 'Sandy beaches', 'low', 'high', 0, 10),
  ('rocky_beaches', 'beaches', 'Plaże kamieniste', 'Rocky beaches', 'low', 'high', 0, 20);

-- Seed: OSM mappings
insert into activity_osm_mappings (activity_slug, osm_query, priority) values
  ('kayaking', '["sport"="canoe"]', 1),
  ('kayaking', '["leisure"="water_park"]["sport"~"kayak|canoe"]', 1),
  ('paddleboard', '["sport"="paddleboard"]', 1),
  ('snorkeling', '["sport"="snorkeling"]', 1),
  ('diving', '["sport"="scuba_diving"]', 1),
  ('diving', '["shop"="scuba_diving"]', 1),
  ('surfing', '["sport"="surfing"]', 1),
  ('jet_ski', '["leisure"="marina"]', 1),
  ('boat_tour', '["tourism"="attraction"]["attraction"="boat_tour"]', 1),
  ('quads', '["sport"="motocross"]', 2),
  ('quads', '["leisure"="adventure_park"]', 2),
  ('buggies', '["sport"="motor"]', 2),
  ('paragliding', '["sport"="paragliding"]', 1),
  ('bike_rental', '["amenity"="bicycle_rental"]', 1),
  ('mountain_biking', '["route"="mtb"]', 1),
  ('mountain_biking', '["sport"="cycling"]', 2),
  ('ebike_rental', '["amenity"="bicycle_rental"]["bicycle_rental:type"~"e-bike|electric"]', 1),
  ('ebike_rental', '["amenity"="bicycle_rental"]', 2),
  ('hiking_trails', '["route"="hiking"]', 1),
  ('hiking_trails', '["sport"="hiking"]', 2),
  ('climbing', '["sport"="climbing"]', 1),
  ('climbing', '["natural"="cliff"]', 3),
  ('caves', '["natural"="cave_entrance"]', 1),
  ('caves', '["tourism"="attraction"]["attraction"="cave"]', 1),
  ('waterfalls', '["waterway"="waterfall"]', 1),
  ('waterfalls', '["natural"="waterfall"]', 1),
  ('canyons', '["natural"="canyon"]', 1),
  ('canyons', '["natural"="gorge"]', 1),
  ('viewpoints', '["tourism"="viewpoint"]', 1),
  ('national_parks', '["boundary"="national_park"]', 1),
  ('national_parks', '["leisure"="nature_reserve"]', 2),
  ('castles', '["historic"="castle"]', 1),
  ('castles', '["historic"="fort"]', 2),
  ('museums', '["tourism"="museum"]', 1),
  ('old_towns', '["historic"="old_town"]', 1),
  ('old_towns', '["place"="town"]["historic"]', 2),
  ('archaeology', '["historic"="archaeological_site"]', 1),
  ('theme_parks', '["tourism"="theme_park"]', 1),
  ('zoo', '["tourism"="zoo"]', 1),
  ('aquarium', '["tourism"="aquarium"]', 1),
  ('water_parks', '["leisure"="water_park"]', 1),
  ('sandy_beaches', '["natural"="beach"]["surface"="sand"]', 1),
  ('sandy_beaches', '["natural"="beach"]', 2),
  ('rocky_beaches', '["natural"="beach"]["surface"~"pebbles|gravel|rocks"]', 1);
